date,type,signal_date,reason,quantity,execution_price,commission,slippage_cost,cash_after,shares_after,amount
2002-01-17,BUY,2002-01-16,close z-score below entry threshold,878.59549587178185,113.81688213729858,1,49.974512743622491,0,878.59549587178185,-100000
2002-01-25,SELL,2002-01-24,maximum holding period,878.59549587178185,113.06344274520875,1,49.693362453069788,99336.031543697492,0,99336.031543697492
2002-01-30,BUY,2002-01-29,close z-score below entry threshold,899.40564723459102,110.44519438934326,1,49.642694424632239,0,899.40564723459102,-99336.031543697492
2002-02-06,SELL,2002-02-05,maximum holding period,899.40564723459102,109.59517652511597,1,49.30991529582186,98569.520676361193,0,98569.520676361193
2002-02-07,BUY,2002-02-06,close z-score below entry threshold,906.17420842226443,108.77436122131347,1,49.259630522912857,0,906.17420842226443,-98569.520676361193
2002-02-14,SELL,2002-02-13,maximum holding period,906.17420842226443,112.45374713516236,1,50.976831062687609,101901.68529432324,0,101901.68529432324
2002-04-12,BUY,2002-04-11,close z-score below entry threshold,917.40013955834559,111.07550664138793,1,50.924880207051203,0,917.40013955834559,-101901.68529432324
2002-04-19,SELL,2002-04-18,maximum holding period,917.40013955834559,113.14339694976807,1,51.92484649915302,103796.76815182253,0,103796.76815182253
2002-04-25,BUY,2002-04-24,close z-score below entry threshold,949.94869584676019,109.26460408401489,1,51.871948101859147,0,949.94869584676019,-103796.76815182253
2002-05-02,SELL,2002-05-01,maximum holding period,949.94869584676019,109.04544847488404,1,51.819700633680952,103586.58156674118,0,103586.58156674118
2002-05-07,BUY,2002-05-06,close z-score below entry threshold,975.81353580004486,106.15304847335815,1,51.766907329705958,0,975.81353580004486,-103586.58156674118
2002-05-14,SELL,2002-05-13,maximum holding period,975.81353580004486,109.56519274520875,1,53.484341237269099,106914.19813331557,0,106914.19813331557
2002-06-04,BUY,2002-06-03,close z-score below entry threshold,1026.0179230303588,104.20207652664185,1,53.429884124596306,0,1026.0179230303588,-106914.19813331557
2002-06-11,SELL,2002-06-10,maximum holding period,1026.0179230303588,104.07793225479126,1,53.41962175354989,106784.82388535532,0,106784.82388535532
2002-06-26,BUY,2002-06-25,close z-score below entry threshold,1121.1182991324458,95.2475969467163,1,53.365229328003714,0,1121.1182991324458,-106784.82388535532
2002-07-03,SELL,2002-07-02,maximum holding period,1121.1182991324458,94.572692745208741,1,53.040108271576933,106026.17643488382,0,106026.17643488382
2002-07-11,BUY,2002-07-10,close z-score below entry threshold,1154.8843490912689,91.805882137298582,1,52.986095169854487,0,1154.8843490912689,-106026.17643488382
2002-07-18,SELL,2002-07-17,maximum holding period,1154.8843490912689,90.654646949768065,1,52.374003469077344,104694.63293468168,0,104694.63293468168
2002-07-19,BUY,2002-07-18,close z-score below entry threshold,1206.1008494932346,86.803382137298584,1,52.320656139271343,-1.4551915228366852e-11,1206.1008494932346,-104694.63293468169
2002-07-26,SELL,2002-07-25,maximum holding period,1206.1008494932346,84.607676525115977,1,51.048219374970735,102044.39053059118,0,102044.39053059118
2002-09-20,BUY,2002-09-19,close z-score below entry threshold,1201.0409389142264,84.962458168029784,1,50.996197166710459,0,1201.0409389142264,-102044.39053059118
2002-09-27,SELL,2002-09-26,maximum holding period,1201.0409389142264,84.95750000000001,1,51.044239903842332,102036.43556780541,0,102036.43556780541
2002-12-30,BUY,2002-12-27,close z-score below entry threshold,1161.6863228451618,87.833895915985096,1,50.992221673052704,1.4551915228366852e-11,1161.6863228451618,-102036.4355678054
2003-01-03,SELL,2003-01-02,close recovered to mean,1161.6863228451618,90.864548660278331,1,52.804453932025865,105555.10341014403,0,105555.10341014402
2003-01-28,BUY,2003-01-27,close z-score below entry threshold,1232.0606810432428,85.672812252044679,1,52.750676366889977,-1.4551915228366852e-11,1232.0606810432428,-105555.10341014405
2003-02-04,SELL,2003-02-03,maximum holding period,1232.0606810432428,85.267342559814452,1,52.553546845920735,105053.54014499247,0,105053.54014499247
2003-03-11,BUY,2003-03-10,close z-score below entry threshold,1288.6602331735787,81.520743358612052,1,52.500020062453437,0,1288.6602331735787,-105053.54014499247
2003-03-14,SELL,2003-03-13,close recovered to mean,1288.6602331735787,84.157896949768073,1,54.252593850259551,108449.93510668613,0,108449.93510668613
2003-08-06,BUY,2003-08-05,close z-score below entry threshold,1121.054245535923,96.738347442626946,1,54.197368868900462,0,1121.054245535923,-108449.93510668613
2003-08-13,SELL,2003-08-12,maximum holding period,1121.054245535923,99.770089694976818,1,55.951817223625994,111846.6826300536,0,111846.6826300536
2003-09-26,BUY,2003-09-25,close z-score below entry threshold,1113.0006473406888,100.49022244262694,1,55.894893868082768,0,1113.0006473406888,-111846.6826300536
2003-10-03,SELL,2003-10-02,maximum holding period,1113.0006473406888,103.61816316986085,1,57.692387535910946,115326.08268430825,0,115326.08268430825
2004-03-11,BUY,2004-03-10,close z-score below entry threshold,1025.5110978204857,112.45620152664183,1,57.633724479902398,0,1025.5110978204857,-115326.08268430825
2004-03-18,SELL,2004-03-17,maximum holding period,1025.5110978204857,112.64364694976807,1,57.787548797375933,115516.31004595986,0,115516.31004595986
2004-03-23,BUY,2004-03-22,close z-score below entry threshold,1047.2342971005189,110.30512499999999,1,57.728790627655272,0,1047.2342971005189,-115516.31004595986
2004-03-30,SELL,2004-03-29,maximum holding period,1047.2342971005189,112.24385305023193,1,58.802207380146626,117544.61255291358,0,117544.61255291358
2004-04-30,BUY,2004-04-29,close z-score below entry threshold,1047.3822950492015,112.22608316802977,1,58.742435058915788,-1.4551915228366852e-11,1047.3822950492015,-117544.61255291359
2004-05-07,SELL,2004-05-06,maximum holding period,1047.3822950492015,111.16439122009278,1,58.24493006694906,116430.61520384808,0,116430.61520384808
2004-05-10,BUY,2004-05-07,close z-score below entry threshold,1063.335406552173,109.49472244262695,1,58.185714744549948,0,1063.335406552173,-116430.61520384808
2004-05-17,SELL,2004-05-14,maximum holding period,1063.335406552173,108.83555438995361,1,57.893295885227637,115727.69847457246,0,115727.69847457246
2004-07-07,BUY,2004-07-06,close z-score below entry threshold,1034.5127141419998,111.86590255737305,1,57.834432021276186,-1.4551915228366852e-11,1034.5127141419998,-115727.69847457248
2004-07-14,SELL,2004-07-13,maximum holding period,1034.5127141419998,111.20437213516236,1,57.549943392692711,115041.33684200379,0,115041.33684200379
2004-08-06,BUY,2004-08-05,close z-score below entry threshold,1068.3159746679514,107.68381225204467,1,57.491422709643672,-1.4551915228366852e-11,1068.3159746679514,-115041.3368420038
2004-08-13,SELL,2004-08-12,maximum holding period,1068.3159746679514,107.04644847488404,1,57.208319628396005,114358.43093718839,0,114358.43093718839
2005-01-06,BUY,2005-01-05,close z-score below entry threshold,965.04794360617962,118.49922244262694,1,57.150140398386661,0,965.04794360617962,-114358.43093718839
2005-01-13,SELL,2005-01-12,maximum holding period,965.04794360617962,118.58067938995362,1,57.246643720206684,114435.04079669842,0,114435.04079669842
2005-03-23,BUY,2005-03-22,close z-score below entry threshold,977.99790812420633,117.0084719467163,1,57.188426185246577,0,977.99790812420633,-114435.04079669842
2005-03-31,SELL,2005-03-30,maximum holding period,977.99790812420633,118.13090744018555,1,57.794787574439518,115530.78036131572,0,115530.78036131572
2005-04-15,BUY,2005-04-14,close z-score below entry threshold,997.68486668767025,115.79786786270141,1,57.736022169566155,0,997.68486668767025,-115530.78036131572
2005-04-22,SELL,2005-04-21,maximum holding period,997.68486668767025,115.68212786483765,1,57.736022169566155,115413.30831697657,0,115413.30831697657
2005-06-27,BUY,2005-06-24,close z-score below entry threshold,969.61107689222968,119.02948622131348,1,57.677315500737699,0,969.61107689222968,-115413.30831697657
2005-07-05,SELL,2005-07-01,maximum holding period,969.61107689222968,119.190375,1,57.813060459696217,115567.30785893869,0,115567.30785893869
2005-08-17,BUY,2005-08-16,close z-score below entry threshold,945.31918548358669,122.25109744262694,1,57.754276791064036,0,945.31918548358669,-115567.30785893869
2005-08-24,SELL,2005-08-23,maximum holding period,945.31918548358669,121.87903244018555,1,57.636111892881381,115213.58767388384,0,115213.58767388384
2005-08-25,BUY,2005-08-24,close z-score below entry threshold,948.94941587788503,121.41067347335814,1,57.577505084390666,0,948.94941587788503,-115213.58767388384
2005-09-01,SELL,2005-08-31,maximum holding period,948.94941587788503,122.45873664474487,1,58.132639623897859,116206.1466081744,0,116206.1466081744
2005-10-06,BUY,2005-10-05,close z-score below entry threshold,969.6700138196511,119.83988877868651,1,58.073536535810696,0,969.6700138196511,-116206.1466081744
2005-10-13,SELL,2005-10-12,maximum holding period,969.6700138196511,117.40126908493043,1,56.948719467735287,113839.49021602907,0,113839.49021602907
2006-01-03,BUY,2005-12-30,close z-score below entry threshold,908.87129321349028,125.25259744262695,1,56.890799708157559,0,908.87129321349028,-113839.49021602907
2006-01-04,SELL,2006-01-03,close recovered to mean,908.87129321349028,126.79657061004639,1,57.649706405896367,115240.7631053885,0,115240.7631053885
2006-04-12,BUY,2006-04-11,close z-score below entry threshold,894.47983379473999,128.83438927459716,1,57.591086009679849,0,894.47983379473999,-115240.7631053885
2006-04-19,SELL,2006-04-18,close recovered to mean,894.47983379473999,130.68462500000001,1,58.476619134321162,116893.76164952794,0,116893.76164952794
2006-05-18,BUY,2006-05-17,close z-score below entry threshold,917.42713684469584,127.41367347335814,1,58.417172238635992,0,917.42713684469584,-116893.76164952794
2006-05-25,SELL,2006-05-24,maximum holding period,917.42713684469584,126.85653816986084,1,58.219925264234142,116380.6306032053,0,116380.6306032053
2006-06-13,BUY,2006-06-12,close z-score below entry threshold,940.0474533411118,123.80186786270141,1,58.160734934133657,0,940.0474533411118,-116380.6306032053
2006-06-16,DIVIDEND,2006-06-15,ex-date cash approximation,940.0474533411118,0.55500000000000005,0,0,521.72633660431711,940.0474533411118,521.72633660431711
2006-06-20,SELL,2006-06-19,maximum holding period,940.0474533411118,123.94799713516235,1,58.287643348494861,117037.7253902451,0,116515.99905364079
2007-01-08,BUY,2007-01-05,close z-score below entry threshold,830.69329774129835,140.89041732788084,1,58.489118136038478,0,830.69329774129835,-117037.7253902451
2007-01-12,SELL,2007-01-11,close recovered to mean,830.69329774129835,142.07891889953615,1,59.041523601874985,118023.00568017416,0,118023.00568017416
2007-02-28,BUY,2007-02-27,close z-score below entry threshold,840.25233051456257,140.46019438934326,1,58.981512084041618,0,840.25233051456257,-118023.00568017416
2007-03-07,SELL,2007-03-06,maximum holding period,840.25233051456257,139.52020133972169,1,58.645409869703506,117231.17432956216,0,117231.17432956216
2007-06-08,BUY,2007-06-07,close z-score below entry threshold,783.33725832973096,149.65479183197021,1,58.585794267647259,0,783.33725832973096,-117231.17432956216
2007-06-15,DIVIDEND,2007-06-14,ex-date cash approximation,783.33725832973096,0.65600000000000003,0,0,513.86924146430351,783.33725832973096,513.86924146430351
2007-06-15,SELL,2007-06-14,maximum holding period,783.33725832973096,153.06342938995363,1,59.980133631241962,120413.15637033693,0,119899.28712887263
2007-06-27,BUY,2007-06-26,close z-score below entry threshold,812.47536902033335,148.20406988525389,1,60.175990190057547,1.4551915228366852e-11,812.47536902033335,-120413.15637033692
2007-07-03,SELL,2007-07-02,close recovered to mean,812.47536902033335,152.10390267944337,1,61.821247853378694,123579.67445891364,0,123579.67445891362
2007-07-27,BUY,2007-07-26,close z-score below entry threshold,833.39120441019725,148.28411171722411,1,61.758458000444847,0,833.39120441019725,-123579.67445891364
2007-08-03,SELL,2007-08-02,maximum holding period,833.39120441019725,147.20635877990725,1,61.370927784087492,122679.48464042651,0,122679.48464042651
2007-10-22,BUY,2007-10-19,close z-score below entry threshold,823.70801793395697,148.93443061065673,1,61.308588026195849,0,823.70801793395697,-122679.48464042651
2007-10-29,SELL,2007-10-26,maximum holding period,823.70801793395697,153.85302767944336,1,63.396684583779638,126728.9724829725,0,126728.9724829725
2007-11-08,BUY,2007-11-07,close z-score below entry threshold,855.89996257376947,148.06400049591065,1,63.332320081448252,0,855.89996257376947,-126728.9724829725
2007-11-15,SELL,2007-11-14,maximum holding period,855.89996257376947,146.49672232055664,1,62.72463189161622,125385.53915134433,0,125385.53915134433
2008-01-07,BUY,2008-01-04,close z-score below entry threshold,883.73091015996317,141.88090255737305,1,62.660939106120111,0,883.73091015996317,-125385.53915134433
2008-01-14,SELL,2008-01-11,maximum holding period,883.73091015996317,141.08942366027833,1,62.373729257242992,124684.0847852424,0,124684.0847852424
2008-01-18,BUY,2008-01-17,close z-score below entry threshold,924.89809497867316,134.80737549591063,1,62.310387199011814,0,924.89809497867316,-124684.0847852424
2008-01-28,SELL,2008-01-25,maximum holding period,924.89809497867316,133.19336450958252,1,61.62595752811756,123189.28909871289,0,123189.28909871289
2008-03-07,BUY,2008-03-06,close z-score below entry threshold,948.80728737075515,129.83488927459717,1,61.563362867928092,0,948.80728737075515,-123189.28909871289
2008-03-14,SELL,2008-03-13,maximum holding period,948.80728737075515,132.70361927032471,1,62.986573798977538,125909.16102415825,0,125909.16102415825
2008-06-09,BUY,2008-06-06,close z-score below entry threshold,919.5180318846011,136.92843061065673,1,62.922619202472866,0,919.5180318846011,-125909.16102415825
2008-06-16,SELL,2008-06-13,maximum holding period,919.5180318846011,135.48222805023195,1,62.32033601403424,124577.35169208999,0,124577.35169208999
2008-06-23,BUY,2008-06-20,close z-score below entry threshold,942.64590882610366,132.15604133605956,1,62.25704732237309,0,942.64590882610366,-124577.35169208999
2008-06-30,SELL,2008-06-27,maximum holding period,942.64590882610366,127.82605438995363,1,60.277492352200603,120493.7072120728,0,120493.7072120728
2008-09-05,BUY,2008-09-04,close z-score below entry threshold,976.82285726564578,123.3516459159851,1,60.216245483289867,0,976.82285726564578,-120493.7072120728
2008-09-12,SELL,2008-09-11,maximum holding period,976.82285726564578,124.22785591506958,1,60.704656911925021,121347.60916694322,0,121347.60916694322
2008-09-16,BUY,2008-09-15,close z-score below entry threshold,1034.8632196416656,117.2585969467163,1,60.642983091912001,1.4551915228366852e-11,1034.8632196416656,-121347.60916694321
2008-09-19,DIVIDEND,2008-09-18,ex-date cash approximation,1034.8632196416656,0.69099999999999995,0,0,715.09048477240549,1034.8632196416656,715.09048477239094
2008-09-23,SELL,2008-09-22,maximum holding period,1034.8632196416656,120.78957347488404,1,62.531609257305902,125714.77739013443,0,124999.68690536203
2008-09-30,BUY,2008-09-29,close z-score below entry threshold,1106.9592947710084,113.56675713729858,1,62.82547595708477,0,1106.9592947710084,-125714.77739013443
2008-10-07,SELL,2008-10-06,maximum holding period,1106.9592947710084,106.78657633972169,1,59.133763499751808,118207.39323602877,0,118207.39323602877
2008-10-08,BUY,2008-10-07,close z-score below entry threshold,1211.518905283318,97.568756641387935,1,59.073659788115229,0,1211.518905283318,-118207.39323602877
2008-10-15,SELL,2008-10-14,maximum holding period,1211.518905283318,97.411269084930424,1,59.037315699861367,118014.59408403363,0,118014.59408403363
2008-11-21,BUY,2008-11-20,close z-score below entry threshold,1522.7810246552219,77.498729084014883,1,58.977308387808371,0,1522.7810246552219,-118014.59408403363
2008-12-01,SELL,2008-11-28,maximum holding period,1522.7810246552219,87.466247135162362,1,66.629285360281514,133190.94143522941,0,133190.94143522941
2009-01-21,BUY,2009-01-20,close z-score below entry threshold,1624.6445664991377,81.98097244262695,1,66.561689872672829,0,1624.6445664991377,-133190.94143522941
2009-01-28,SELL,2009-01-27,maximum holding period,1624.6445664991377,86.356801525115969,1,70.184646512264123,140298.1083780241,0,140298.1083780241
2009-02-18,BUY,2009-02-17,close z-score below entry threshold,1757.4507240454898,79.829895915985105,1,70.113497440287915,0,1757.4507240454898,-140298.1083780241
2009-02-25,SELL,2009-02-24,maximum holding period,1757.4507240454898,77.101429389953623,1,67.784873890086558,135500.96290631621,0,135500.96290631621
2009-03-03,BUY,2009-03-02,close z-score below entry threshold,1891.247669719296,71.645805610656737,1,67.716123391459803,0,1891.247669719296,-135500.96290631621
2009-03-10,SELL,2009-03-09,maximum holding period,1891.247669719296,69.475247135162363,1,65.730314781147385,131393.89924754802,0,131393.89924754802
2009-06-23,BUY,2009-06-22,close z-score below entry threshold,1467.8354067055091,89.51473622131347,1,65.663617814856735,0,1467.8354067055091,-131393.89924754802
2009-06-30,SELL,2009-06-29,maximum holding period,1467.8354067055091,92.673641220092776,1,68.048850350759366,136028.65185117529,0,136028.65185117529
2010-01-25,BUY,2010-01-22,close z-score below entry threshold,1233.6418940622505,110.26510408401488,1,67.979836007567741,0,1233.6418940622505,-136028.65185117529
2010-02-01,SELL,2010-01-29,maximum holding period,1233.6418940622505,108.09592652511597,1,66.709186362605493,133350.66353885792,0,133350.66353885792
2010-05-05,BUY,2010-05-04,close z-score below entry threshold,1143.4713865779186,116.61827755737303,1,66.641511013907177,0,1143.4713865779186,-133350.66353885792
2010-05-12,SELL,2010-05-11,maximum holding period,1143.4713865779186,116.23185591506959,1,66.487144296004161,132906.80144772946,0,132906.80144772946
2010-05-21,BUY,2010-05-20,close z-score below entry threshold,1254.2666147067275,105.96295866394043,1,66.419690878421676,0,1254.2666147067275,-132906.80144772946
2010-05-28,SELL,2010-05-27,maximum holding period,1254.2666147067275,110.58467938995362,1,69.386028742794821,138701.67145686594,0,138701.67145686594
2010-06-30,BUY,2010-06-29,close z-score below entry threshold,1334.01999828368,103.97195816802979,1,69.315677889489891,0,1334.01999828368,-138701.67145686594
2010-07-08,SELL,2010-07-07,maximum holding period,1334.01999828368,106.9465,1,71.370069908176433,142667.76974644559,0,142667.76974644559
2010-08-25,BUY,2010-08-24,close z-score below entry threshold,1358.6991534717592,105.0024719467163,1,71.297736005205977,0,1358.6991534717592,-142667.76974644559
2010-09-01,SELL,2010-08-31,maximum holding period,1358.6991534717592,106.67663835525514,1,72.506982605539491,144940.45822849814,0,144940.45822849814
2011-03-11,BUY,2011-03-10,close z-score below entry threshold,1118.4915066200497,129.58476427459715,1,72.433512358048176,0,1118.4915066200497,-144940.45822849814
2011-03-18,DIVIDEND,2011-03-17,ex-date cash approximation,1118.4915066200497,0.55300000000000005,0,0,618.52580316088756,1118.4915066200497,618.52580316088756
2011-03-18,SELL,2011-03-17,maximum holding period,1118.4915066200497,128.77557633972168,1,72.053220808442958,144651.91419924141,0,144033.38839608053
2011-05-24,BUY,2011-05-23,close z-score below entry threshold,1091.6537467655371,132.50622244262695,1,72.289312443395033,0,1091.6537467655371,-144651.91419924141
2011-06-01,SELL,2011-05-31,maximum holding period,1091.6537467655371,134.44273950958254,1,73.419169740380028,146763.92031105887,0,146763.92031105887
2011-06-06,BUY,2011-06-03,close z-score below entry threshold,1127.6007352809168,130.15504133605955,1,73.344787761630414,0,1127.6007352809168,-146763.92031105887
2011-06-13,SELL,2011-06-10,maximum holding period,1127.6007352809168,127.82605438995363,1,72.104428673407554,144135.75291817015,0,144135.75291817015
2011-08-03,BUY,2011-08-02,close z-score below entry threshold,1146.4484908401378,125.72283366394042,1,72.031360778685183,0,1146.4484908401378,-144135.75291817015
2011-08-10,SELL,2011-08-09,maximum holding period,1146.4484908401378,115.20237213516236,1,66.069827751644766,132072.58567556084,0,132072.58567556084
2011-08-11,BUY,2011-08-10,close z-score below entry threshold,1165.5092741861413,113.31663213729858,1,66.002791442058736,0,1165.5092741861413,-132072.58567556084
2011-08-18,SELL,2011-08-17,maximum holding period,1165.5092741861413,116.44175000000001,1,67.890915221327361,135712.93952746413,0,135712.93952746413
2011-09-23,BUY,2011-09-22,close z-score below entry threshold,1209.9198709325956,112.16605561065673,1,67.822058734351273,0,1209.9198709325956,-135712.93952746413
2011-09-30,SELL,2011-09-29,maximum holding period,1209.9198709325956,114.39277194976808,1,69.237662767915566,138405.08787308523,0,138405.08787308523
2011-10-04,BUY,2011-10-03,close z-score below entry threshold,1276.7413231290398,108.40417347335814,1,69.167460206423868,0,1276.7413231290398,-138405.08787308523
2011-10-07,SELL,2011-10-06,close recovered to mean,1276.7413231290398,117.11141316986085,1,74.797889246606218,149519.98060399981,0,149519.98060399981
2011-11-22,BUY,2011-11-21,close z-score below entry threshold,1251.6269394047847,119.45970152664184,1,74.722129237369984,0,1251.6269394047847,-149519.98060399981
2011-11-30,SELL,2011-11-29,maximum holding period,1251.6269394047847,123.42825286483766,1,77.281704036649984,154485.1263692966,0,154485.1263692966
2012-04-11,BUY,2012-04-10,close z-score below entry threshold,1124.6771830342773,137.35863828277587,1,77.203461453912652,0,1124.6771830342773,-154485.1263692966
2012-04-18,SELL,2012-04-17,maximum holding period,1124.6771830342773,138.39077671051027,1,77.861405156915566,155643.94890870235,0,155643.94890870235
2012-05-15,BUY,2012-05-14,close z-score below entry threshold,1160.7607921670979,134.08701427459715,1,77.782583162751322,0,1160.7607921670979,-155643.94890870235
2012-05-22,SELL,2012-05-21,maximum holding period,1160.7607921670979,132.24384255981445,1,76.790128788869765,153502.46744895118,0,153502.46744895118
2012-06-04,BUY,2012-06-01,close z-score below entry threshold,1194.9899197817545,128.45419438934326,1,76.712377535702586,0,1194.9899197817545,-153502.46744895118
2012-06-08,SELL,2012-06-07,close recovered to mean,1194.9899197817545,131.64415171051027,1,78.696065178707784,157312.4342922798,0,157312.4342922798
2012-10-24,BUY,2012-10-23,close z-score below entry threshold,1107.8195307352266,142.00095767211914,1,78.616408941670826,0,1107.8195307352266,-157312.4342922798
2012-11-02,SELL,2012-11-01,maximum holding period,1107.8195307352266,143.60815267944338,1,79.585751031041227,159090.91631109375,0,159090.91631109375
2012-11-09,BUY,2012-11-08,close z-score below entry threshold,1155.4310183642931,137.68880511474609,1,79.505205552764451,0,1155.4310183642931,-159090.91631109375
2012-11-16,SELL,2012-11-15,maximum holding period,1155.4310183642931,135.83204389953613,1,78.511534171759649,156943.55680934439,0,156943.55680934439
2013-02-26,BUY,2013-02-25,close z-score below entry threshold,1047.716560700107,149.79486122131348,1,78.432062373491405,0,1047.716560700107,-156943.55680934439
2013-02-28,SELL,2013-02-27,close recovered to mean,1047.716560700107,151.82404389953615,1,79.574069587777828,159067.56510600407,0,159067.56510600407
2013-06-06,BUY,2013-06-05,close z-score below entry threshold,986.27217481440937,161.28059694671629,1,79.493535785087957,0,986.27217481440937,-159067.56510600407
2013-06-13,SELL,2013-06-12,maximum holding period,986.27217481440937,161.57917366027834,1,79.720381696144571,159360.04301063786,0,159360.04301063786
2013-06-21,BUY,2013-06-20,close z-score below entry threshold,997.74119216960833,159.71981938934326,1,79.639701654487382,0,997.74119216960833,-159360.04301063786
2013-06-28,SELL,2013-06-27,maximum holding period,997.74119216960833,160.54968988037109,1,80.133586284996852,160186.03898370234,0,160186.03898370234
2013-08-16,BUY,2013-08-15,close z-score below entry threshold,964.13940048363884,166.14302755737305,1,80.05249324522724,0,964.13940048363884,-160186.03898370234
2013-08-23,SELL,2013-08-22,maximum holding period,964.13940048363884,166.46672805023195,1,80.288710046419212,160496.13138282357,0,160496.13138282357
2013-10-09,BUY,2013-10-08,close z-score below entry threshold,967.52063310147469,165.88290305328368,1,80.207461960424311,0,967.52063310147469,-160496.13138282357
2013-10-14,SELL,2013-10-11,close recovered to mean,967.52063310147469,169.12540171051026,1,81.857086411446403,163631.31573649411,0,163631.31573649411
2014-01-27,BUY,2014-01-24,close z-score below entry threshold,913.37285656023369,179.14952755737303,1,81.774270732868786,0,913.37285656023369,-163631.31573649411
2014-02-03,SELL,2014-01-31,maximum holding period,913.37285656023369,177.88101622009279,1,81.276484198476609,162470.69191278343,0,162470.69191278343
2014-02-04,BUY,2014-02-03,close z-score below entry threshold,928.19948840578172,175.03747194671629,1,81.194248831962867,0,928.19948840578172,-162470.69191278343
2014-02-11,SELL,2014-02-10,maximum holding period,928.19948840578172,180.06992366027833,1,83.612211615163758,167139.81101873852,0,167139.81101873852
2014-04-11,BUY,2014-04-10,close z-score below entry threshold,917.18065189882861,182.23106938934325,1,83.52764168851165,0,917.18065189882861,-167139.81101873852
2014-04-17,SELL,2014-04-16,close recovered to mean,917.18065189882861,185.7870648803711,1,85.242772026677486,170399.30128134874,0,170399.30128134874
2014-08-01,BUY,2014-07-31,close z-score below entry threshold,884.46794177575725,192.65627755737304,1,85.156572354495324,0,884.46794177575725,-170399.30128134874
2014-08-08,SELL,2014-08-07,maximum holding period,884.46794177575725,191.36427671051027,1,84.670119035281118,169254.56795155149,0,169254.56795155149
2014-09-24,BUY,2014-09-23,close z-score below entry threshold,854.21626537525833,198.13901328277586,1,84.584491729897593,0,854.21626537525833,-169254.56795155149
2014-10-01,SELL,2014-09-30,maximum holding period,854.21626537525833,196.60164694976808,1,84.012168396213056,167939.32462405594,0,167939.32462405594
2014-10-02,BUY,2014-10-01,close z-score below entry threshold,864.42683982178676,194.27708267211912,1,83.927198712654942,0,864.42683982178676,-167939.32462405594
2014-10-09,SELL,2014-10-08,maximum holding period,864.42683982178676,196.23183683013917,1,84.856461522501093,169627.0665835017,0,169627.0665835017
2014-10-13,BUY,2014-10-10,close z-score below entry threshold,890.16743651721094,190.55523671722412,1,84.770647967765143,0,890.16743651721094,-169627.0665835017
2014-10-20,SELL,2014-10-17,maximum holding period,890.16743651721094,188.0359398803711,1,83.73360208924349,167382.47057641434,0,167382.47057641434
2014-12-11,BUY,2014-12-10,close z-score below entry threshold,820.57002971793202,203.98194488525388,1,83.64891083277027,0,820.57002971793202,-167382.47057641434
2014-12-18,SELL,2014-12-17,maximum holding period,820.57002971793202,204.63763549041749,1,84.001756195976029,167918.51063577921,0,167918.51063577921
2015-03-11,BUY,2015-03-10,close z-score below entry threshold,817.54395892513685,205.39263828277586,1,83.916796919416882,0,817.54395892513685,-167918.51063577921
2015-03-18,SELL,2015-03-17,maximum holding period,817.54395892513685,207.28630438995361,1,84.775220571247075,169464.66592192365,0,169464.66592192365
2015-06-09,BUY,2015-06-08,close z-score below entry threshold,812.56406290935729,208.5542219467163,1,84.689488216843614,0,812.56406290935729,-169464.66592192365
2015-06-12,SELL,2015-06-11,close recovered to mean,812.56406290935729,210.53467938995362,1,85.579246857630139,171071.91446841965,0,171071.91446841965
2015-06-30,BUY,2015-06-29,close z-score below entry threshold,824.98034492566478,207.36362450408933,1,85.492710878749435,0,824.98034492566478,-171071.91446841965
2015-07-08,SELL,2015-07-07,maximum holding period,824.98034492566478,206.31678816986084,1,85.146220644483549,170206.2950683271,0,170206.2950683271
2015-07-09,BUY,2015-07-08,close z-score below entry threshold,821.67813208795178,207.14351328277587,1,85.060117475419119,0,821.67813208795178,-170206.2950683271
2015-07-14,SELL,2015-07-13,close recovered to mean,821.67813208795178,209.6151412200928,1,86.161169432237401,172235.17769507808,0,172235.17769507808
2015-08-21,BUY,2015-08-20,close z-score below entry threshold,853.35898125811411,201.83086072540283,1,86.074051821625503,0,853.35898125811411,-172235.17769507808
2015-08-28,SELL,2015-08-27,maximum holding period,853.35898125811411,198.40075000000002,1,84.695878889853859,169306.06190084579,0,169306.06190084579
2015-09-29,BUY,2015-09-28,close z-score below entry threshold,898.81790957053101,188.36413927459716,1,84.610225837500877,0,898.81790957053101,-169306.06190084579
2015-10-05,SELL,2015-10-02,close recovered to mean,898.81790957053101,196.36177671051027,1,88.290886274370791,176492.48166249623,0,176492.48166249623
2015-12-14,BUY,2015-12-11,close z-score below entry threshold,872.98101464136721,202.17104232788085,1,88.201640011238524,0,872.98101464136721,-176492.48166249623
2015-12-17,SELL,2015-12-16,close recovered to mean,872.98101464136721,208.29579389953614,1,90.964619061501054,181837.27350394617,0,181837.27350394617
2015-12-21,BUY,2015-12-18,close z-score below entry threshold,902.36531204500238,201.51070866394042,1,90.872700401763581,0,902.36531204500238,-181837.27350394617
2015-12-29,SELL,2015-12-28,maximum holding period,902.36531204500238,206.40673950958254,1,93.17372781677139,186253.28190575595,0,186253.28190575595
2016-01-07,BUY,2016-01-06,close z-score below entry threshold,953.0497136103902,195.42766683197021,1,93.079601152300967,0,953.0497136103902,-186253.28190575595
2016-01-14,SELL,2016-01-13,maximum holding period,953.0497136103902,189.45522805023194,1,90.325288061659279,180559.25083526471,0,180559.25083526471
2016-02-12,BUY,2016-02-11,close z-score below entry threshold,975.71372337823834,185.0524867172241,1,90.234008413403913,0,975.71372337823834,-180559.25083526471
2016-02-17,SELL,2016-02-16,close recovered to mean,975.71372337823834,191.06442366027832,1,93.25871946707521,186423.18021468734,0,186423.18021468734
2016-06-27,BUY,2016-06-24,close z-score below entry threshold,924.29693482667994,201.69079133605956,1,93.164507853408779,0,924.29693482667994,-186423.18021468734
2016-07-01,SELL,2016-06-30,close recovered to mean,924.29693482667994,209.3752557296753,1,96.810858979226353,193523.90709949113,0,193523.90709949113
2016-09-12,BUY,2016-09-09,close z-score below entry threshold,910.71234313453829,212.49619438934326,1,96.71309700124246,0,910.71234313453829,-193523.90709949113
2016-09-16,DIVIDEND,2016-09-15,ex-date cash approximation,910.71234313453829,1.0820000000000001,0,0,985.39075527157047,910.71234313453829,985.39075527157047
2016-09-19,SELL,2016-09-16,maximum holding period,910.71234313453829,214.0229398803711,1,97.505419241114424,195897.72381826676,0,194912.3330629952
2016-11-02,BUY,2016-11-01,close z-score below entry threshold,929.49836258851894,210.75531889343262,1,97.899412203030593,0,929.49836258851894,-195897.72381826676
2016-11-08,SELL,2016-11-07,close recovered to mean,929.49836258851894,212.58365744018556,1,98.84750450410408,197595.1615037311,0,197595.1615037311
2017-03-22,BUY,2017-03-21,close z-score below entry threshold,844.82786579688855,233.88688927459717,1,98.747706898415004,0,844.82786579688855,-197595.1615037311
2017-03-29,SELL,2017-03-28,maximum holding period,844.82786579688855,234.87251049041748,1,99.263052412192536,198425.84177197673,0,198425.84177197673
2017-04-17,BUY,2017-04-13,close z-score below entry threshold,850.78151264739677,233.22655561065673,1,99.162839466249636,0,850.78151264739677,-198425.84177197673
2017-04-21,SELL,2017-04-20,close recovered to mean,850.78151264739677,235.13237500000002,1,100.07317542512915,200045.27767487496,0,200045.27767487496
2017-06-28,BUY,2017-06-27,close z-score below entry threshold,824.51260009119142,242.62124999999997,1,99.972152761036341,0,824.51260009119142,-200045.27767487496
2017-06-29,SELL,2017-06-28,close recovered to mean,824.51260009119142,243.53817366027835,1,100.45037157881615,200799.29278609619,0,200799.29278609619
2017-06-30,BUY,2017-06-29,close z-score below entry threshold,828.37190368740823,242.40113877868652,1,100.34897190708814,0,828.37190368740823,-200799.29278609619
2017-07-10,SELL,2017-07-07,maximum holding period,828.37190368740823,241.98894561004639,1,100.27856105367881,200455.84354630281,0,200455.84354630281
2017-08-11,BUY,2017-08-10,close z-score below entry threshold,821.05836695867731,244.14201427459716,1,100.17733310659065,0,821.05836695867731,-200455.84354630281
2017-08-17,SELL,2017-08-16,close recovered to mean,821.05836695867731,246.1168854904175,1,101.08870839503878,202075.32808171798,0,202075.32808171798
2017-08-18,BUY,2017-08-17,close z-score below entry threshold,831.50821937478747,243.0214438934326,1,100.98667070549527,0,831.50821937478747,-202075.32808171798
2017-08-25,SELL,2017-08-24,maximum holding period,831.50821937478747,244.77754389953614,1,101.81817892487403,203533.53967083717,0,203533.53967083717
2018-02-06,BUY,2018-02-05,close z-score below entry threshold,782.60684137895907,260.06997244262692,1,101.71541212932794,0,782.60684137895907,-203533.53967083717
2018-02-13,SELL,2018-02-12,maximum holding period,782.60684137895907,263.83801622009281,1,103.29236443703768,206480.43650969741,0,206480.43650969741
2018-03-23,BUY,2018-03-22,close z-score below entry threshold,781.22511222099922,264.30209843444823,1,103.18812419273954,0,781.22511222099922,-206480.43650969741
2018-04-02,SELL,2018-03-29,maximum holding period,781.22511222099922,262.4187127990723,1,102.55532183856855,205007.08835534542,0,205007.08835534542
2018-06-28,BUY,2018-06-27,close z-score below entry threshold,760.90322713512671,269.42465354919432,1,102.4518182685246,0,760.90322713512671,-205007.08835534542
2018-07-06,SELL,2018-07-05,maximum holding period,760.90322713512671,273.00344464111328,1,103.91655930286974,207728.20204642901,0,207728.20204642901
2018-10-11,BUY,2018-10-10,close z-score below entry threshold,749.32654977988761,277.21852656555177,1,103.81169517563555,0,749.32654977988761,-207728.20204642901
2018-10-18,SELL,2018-10-17,maximum holding period,749.32654977988761,279.26029389953612,1,104.68091671749464,209256.1525182568,0,209256.1525182568
2018-10-25,BUY,2018-10-24,close z-score below entry threshold,782.22220588749212,267.51369488525387,1,104.57528861479219,0,782.22220588749212,-209256.1525182568
2018-11-01,SELL,2018-10-31,maximum holding period,782.22220588749212,271.46420610046385,1,106.22577794668376,212344.33011540162,0,212344.33011540162
2018-12-18,BUY,2018-12-17,close z-score below entry threshold,825.18352036005354,257.32861221313476,1,106.11860575481964,0,825.18352036005354,-212344.33011540162
2018-12-21,DIVIDEND,2018-12-20,ex-date cash approximation,825.18352036005354,1.4350000000000001,0,0,1184.1383517166769,825.18352036005354,1184.1383517166769
2018-12-26,SELL,2018-12-24,maximum holding period,825.18352036005354,235.85201622009279,1,97.359278153317021,195804.33538022931,0,194620.19702851263
2019-05-14,BUY,2019-05-13,close z-score below entry threshold,694.01570770739033,282.13098522949218,1,97.852741319451454,0,694.01570770739033,-195804.33538022931
2019-05-21,SELL,2019-05-20,maximum holding period,694.01570770739033,285.6870715789795,1,99.185250207467988,198270.31516473735,0,198270.31516473735
2019-06-03,BUY,2019-05-31,close z-score below entry threshold,719.8076052706233,275.44765255737303,1,99.085115024846104,-2.9103830456733704e-11,719.8076052706233,-198270.31516473737
2019-06-06,SELL,2019-06-05,close recovered to mean,719.8076052706233,283.14836354064943,1,101.95715132389782,203811.34549649071,0,203811.34549649071
2019-08-02,BUY,2019-08-01,close z-score below entry threshold,693.23970399750181,293.99693110656739,1,101.85424562543611,0,693.23970399750181,-203811.34549649071
2019-08-09,SELL,2019-08-08,maximum holding period,693.23970399750181,292.43369657897949,1,101.4140316434746,202725.64925530701,0,202725.64925530701
2019-10-02,BUY,2019-10-01,close z-score below entry threshold,695.10578931908674,291.64574999999996,1,101.31166879323192,0,695.10578931908674,-202725.64925530701
2019-10-09,SELL,2019-10-08,maximum holding period,695.10578931908674,290.604625,1,101.05100412226318,201999.9572404022,0,201999.9572404022
2020-02-26,BUY,2020-02-25,close z-score below entry threshold,642.61892209232178,314.3370826721191,1,100.94900411811282,0,642.61892209232178,-201999.9572404022
2020-03-04,SELL,2020-03-03,maximum holding period,642.61892209232178,305.96693511962894,1,98.359250646533539,196619.14204246731,0,196619.14204246731
2020-03-10,BUY,2020-03-09,close z-score below entry threshold,690.41551429141407,284.7823346557617,1,98.259941050696369,0,690.41551429141407,-196619.14204246731
2020-03-17,SELL,2020-03-16,maximum holding period,690.41551429141407,244.91747328948975,1,84.58970649330314,169093.82328011675,0,169093.82328011675
2020-10-29,BUY,2020-10-28,close z-score below entry threshold,516.98729689300558,327.07345866394041,1,84.504159560270253,0,516.98729689300558,-169093.82328011675
2020-11-05,SELL,2020-11-04,maximum holding period,516.98729689300558,349.06537023925785,1,90.276319259087671,180461.36219895011,0,180461.36219895011
