trend_window,slippage_bps,strategy,final_equity,total_return,cagr,max_drawdown,annual_volatility,sharpe,average_exposure,invested_day_fraction,fills,closed_trades,winning_trades,commissions,slippage,dividends,cash_interest,turnover_initial_capital,closed_trade_pnl,open_price_pnl
100,1,trend,282171.62286432902,1.8217162286432904,0.056121274243182251,0.21928331402131529,0.10559785899576545,0.5705024162,0.69894939820681345,0.70171404682274252,231,115,42,231,3773.6838469167756,47367.605588338949,0,377.36838469172403,156195.08748398686,24789.108867990173
100,1,mean_reversion,198179.19519708227,0.9817919519708227,0.03665995993770288,0.21608449951899111,0.099152422426984452,0.4128006120,0.1139136373610946,0.11392140468227424,234,117,69,234,3617.3698607883712,4812.1750960459531,0,361.73698607887854,98179.195197082154,0
100,1,buy_hold,379151.24105552846,2.7915124105552844,0.072672402954828685,0.50422393017991607,0.17181285726325496,0.4946159821,0.88950686581541372,1,1,0,0,1,9.9989001099882895,54384.600266434616,0,0.99989001099890007,0,224766.64078909386
100,5,trend,257278.95339269779,1.572789533926978,0.050999619709489075,0.23290725115854272,0.10555256484337995,0.5246042211,0.69894939820681345,0.70171404682274252,231,115,42,231,17887.064712102623,44724.258441694255,0,357.74129424208877,133687.53703136154,22508.742465118121
100,5,mean_reversion,180461.36219895011,0.80461362198950104,0.031562070991544511,0.22015263969251309,0.099121122363330552,0.3631268468,0.1139136373610946,0.11392140468227424,234,117,68,234,17149.89942220067,4538.7409729901465,0,342.99798844405228,80461.362198950024,0
100,5,buy_hold,378999.65635145834,2.7899965635145834,0.072649824947883301,0.50422393017991585,0.17181248810448271,0.4944940373,0.88950686581541394,1,1,0,0,1,49.974512743624636,54362.857297812341,0,0.99949025487256382,0,224636.79905364598
100,10,trend,229227.04139089363,1.2922704139089363,0.044632203373576207,0.24960442468937982,0.10552065324850848,0.4670902293,0.69894939820681345,0.70171404682274252,231,115,38,231,33493.773640208237,41664.177889604784,0,334.9377364020998,108312.0298820351,19950.384862377919
100,10,mean_reversion,160523.81409820879,0.60523814098208795,0.025224641726252495,0.22520854024036552,0.099108674472042774,0.3009344858,0.1139136373610946,0.11392140468227424,234,117,67,234,32125.596558974765,4222.300002007295,0,321.25596558976503,60523.814098208692,0
100,10,buy_hold,378810.34583380027,2.7881034583380027,0.072621615797425765,0.50422393017991607,0.1718120963747499,0.4943415433,0.88950686581541394,1,1,0,0,1,99.89910089909381,54335.703023437803,0,0.99899100899100912,0,224474.64281036245
100,20,trend,181962.21488291048,0.81962214882910489,0.032011889659986803,0.28265137705754806,0.10553911266680299,0.3517608349,0.69894939820681345,0.70171404682274252,231,115,37,231,58898.034164049634,36268.353745911205,0,294.49017082024756,65525.115397385955,15671.37132333382
100,20,mean_reversion,127010.80476750364,0.27010804767503638,0.012665207491346475,0.2393264069332911,0.099172564788991099,0.1764268367,0.1139136373610946,0.11392140468227424,234,117,63,234,56554.941305845525,3664.482479504702,0,282.77470652922659,27010.804767503505,0
100,20,buy_hold,378432.29159644118,2.7843229159644118,0.072565241966133787,0.50422393017991607,0.17181154443465532,0.4940363475,0.88950686581541394,1,1,0,0,1,199.59880239520771,54281.475774911443,0,0.99799401197604787,0,224150.81582152972
150,1,trend,280910.665878247,1.8091066587824702,0.055872322562160903,0.20373753554293383,0.1089803287885138,0.5539604906,0.7172803513816125,0.72240802675585281,209,104,33,209,3373.2163904350655,46498.88851163839,0,337.32163904356497,126653.85436907837,52080.642721372453
150,1,mean_reversion,198179.19519708227,0.9817919519708227,0.03665995993770288,0.21608449951899111,0.099152422426984452,0.4128006120,0.1139136373610946,0.11392140468227424,234,117,69,234,3617.3698607883712,4812.1750960459531,0,361.73698607887854,98179.195197082154,0
150,1,buy_hold,379151.24105552846,2.7915124105552844,0.072672402954828685,0.50422393017991607,0.17181285726325496,0.4946159821,0.88950686581541372,1,1,0,0,1,9.9989001099882895,54384.600266434616,0,0.99989001099890007,0,224766.64078909386
150,5,trend,258394.42023422214,1.5839442023422214,0.051238983237126279,0.21636901454465551,0.10899223149839098,0.5135272898,0.71728035138161272,0.72240802675585281,209,104,32,209,16061.077616549124,44182.805140711505,0,321.22155233101921,108570.00077722242,47822.680325819412
150,5,mean_reversion,180461.36219895011,0.80461362198950104,0.031562070991544511,0.22015263969251309,0.099121122363330552,0.3631268468,0.1139136373610946,0.11392140468227424,234,117,68,234,17149.89942220067,4538.7409729901465,0,342.99798844405228,80461.362198950024,0
150,5,buy_hold,378999.65635145834,2.7899965635145834,0.072649824947883301,0.50422393017991585,0.17181248810448271,0.4944940373,0.88950686581541394,1,1,0,0,1,49.974512743624636,54362.857297812341,0,0.99949025487256382,0,224636.79905364598
150,10,trend,232769.06705386456,1.3276906705386455,0.045475701100858856,0.231878036012372,0.10902875485843412,0.4629272772,0.7172803513816125,0.72240802675585281,209,104,29,209,30240.296269076684,41479.453109636604,0,302.40296269078334,87979.802940358626,42986.040384341526
150,10,mean_reversion,160523.81409820879,0.60523814098208795,0.025224641726252495,0.22520854024036552,0.099108674472042774,0.3009344858,0.1139136373610946,0.11392140468227424,234,117,67,234,32125.596558974765,4222.300002007295,0,321.25596558976503,60523.814098208692,0
150,10,buy_hold,378810.34583380027,2.7881034583380027,0.072621615797425765,0.50422393017991607,0.1718120963747499,0.4943415433,0.88950686581541394,1,1,0,0,1,99.89910089909381,54335.703023437803,0,0.99899100899100912,0,224474.64281036245
150,20,trend,188887.81066095206,0.8888781066095206,0.034043050825636856,0.26198526386390397,0.1091737164074537,0.3616596795,0.7172803513816125,0.72240802675585281,209,104,28,209,53739.751196000871,36649.250970167857,0,268.69875598000368,52694.725248944138,34729.802568437794
150,20,mean_reversion,127010.80476750364,0.27010804767503638,0.012665207491346475,0.2393264069332911,0.099172564788991099,0.1764268367,0.1139136373610946,0.11392140468227424,234,117,63,234,56554.941305845525,3664.482479504702,0,282.77470652922659,27010.804767503505,0
150,20,buy_hold,378432.29159644118,2.7843229159644118,0.072565241966133787,0.50422393017991607,0.17181154443465532,0.4940363475,0.88950686581541394,1,1,0,0,1,199.59880239520771,54281.475774911443,0,0.99799401197604787,0,224150.81582152972
200,1,trend,371395.94532400445,2.7139594532400446,0.071506157235971424,0.19826427963717752,0.10938733776166322,0.6868068409,0.73123553053806412,0.73766722408026753,131,65,27,131,2366.5691463351141,57884.485169946332,0,236.65691463353667,199661.92902030429,68856.872918626876
200,1,mean_reversion,198179.19519708227,0.9817919519708227,0.03665995993770288,0.21608449951899111,0.099152422426984452,0.4128006120,0.1139136373610946,0.11392140468227424,234,117,69,234,3617.3698607883712,4812.1750960459531,0,361.73698607887854,98179.195197082154,0
200,1,buy_hold,379151.24105552846,2.7915124105552844,0.072672402954828685,0.50422393017991607,0.17181285726325496,0.4946159821,0.88950686581541372,1,1,0,0,1,9.9989001099882895,54384.600266434616,0,0.99989001099890007,0,224766.64078909386
200,5,trend,352467.43482336472,2.5246743482336473,0.068559842884064803,0.20018215864908795,0.10939141558126571,0.6615914970,0.731235530538064,0.73766722408026753,131,65,25,131,11464.093255843205,55937.118601394744,0,229.28186511689145,184503.19869679547,65233.728803256585
200,5,mean_reversion,180461.36219895011,0.80461362198950104,0.031562070991544511,0.22015263969251309,0.099121122363330552,0.3631268468,0.1139136373610946,0.11392140468227424,234,117,68,234,17149.89942220067,4538.7409729901465,0,342.99798844405228,80461.362198950024,0
200,5,buy_hold,378999.65635145834,2.7899965635145834,0.072649824947883301,0.50422393017991585,0.17181248810448271,0.4944940373,0.88950686581541394,1,1,0,0,1,49.974512743624636,54362.857297812341,0,0.99949025487256382,0,224636.79905364598
200,10,trend,330157.44117914798,2.3015744117914796,0.064888313223156358,0.20257311079411977,0.10941025849821347,0.6300097078,0.73123553053806412,0.73766722408026753,131,65,23,131,22045.363881194222,53607.587897319463,0,220.45363881195459,166628.35457175804,60971.41114032839
200,10,mean_reversion,160523.81409820879,0.60523814098208795,0.025224641726252495,0.22520854024036552,0.099108674472042774,0.3009344858,0.1139136373610946,0.11392140468227424,234,117,67,234,32125.596558974765,4222.300002007295,0,321.25596558976503,60523.814098208692,0
200,10,buy_hold,378810.34583380027,2.7881034583380027,0.072621615797425765,0.50422393017991607,0.1718120963747499,0.4943415433,0.88950686581541394,1,1,0,0,1,99.89910089909381,54335.703023437803,0,0.99899100899100912,0,224474.64281036245
200,20,trend,289683.96792196482,1.896839679219648,0.057582951954899819,0.20733379261468876,0.10949364070671867,0.5666883249,0.731235530538064,0.73766722408026753,131,65,21,131,40803.295668261715,49275.445544992479,0,204.01647834130782,134176.64136151271,53263.19244277518
200,20,mean_reversion,127010.80476750364,0.27010804767503638,0.012665207491346475,0.2393264069332911,0.099172564788991099,0.1764268367,0.1139136373610946,0.11392140468227424,234,117,63,234,56554.941305845525,3664.482479504702,0,282.77470652922659,27010.804767503505,0
200,20,buy_hold,378432.29159644118,2.7843229159644118,0.072565241966133787,0.50422393017991607,0.17181154443465532,0.4940363475,0.88950686581541394,1,1,0,0,1,199.59880239520771,54281.475774911443,0,0.99799401197604787,0,224150.81582152972
250,1,trend,337099.79256239877,2.3709979256239877,0.066055376058896664,0.2407776775551409,0.11173669023789091,0.6290871935,0.74384244882906825,0.75125418060200666,111,55,19,111,1967.0642177747829,54598.422413961482,0,196.70642177750082,171990.06795731065,62498.267882171087
250,1,mean_reversion,198179.19519708227,0.9817919519708227,0.03665995993770288,0.21608449951899111,0.099152422426984452,0.4128006120,0.1139136373610946,0.11392140468227424,234,117,69,234,3617.3698607883712,4812.1750960459531,0,361.73698607887854,98179.195197082154,0
250,1,buy_hold,379151.24105552846,2.7915124105552844,0.072672402954828685,0.50422393017991607,0.17181285726325496,0.4946159821,0.88950686581541372,1,1,0,0,1,9.9989001099882895,54384.600266434616,0,0.99989001099890007,0,224766.64078909386
250,5,trend,322488.60877250344,2.2248860877250345,0.063571784566735623,0.2425937646096159,0.11175670267308722,0.6081058048,0.74384244882906814,0.75125418060200666,111,55,17,111,9576.3864147552013,53026.248415664653,0,191.52772829512674,160305.09957284943,59685.242917608732
250,5,mean_reversion,180461.36219895011,0.80461362198950104,0.031562070991544511,0.22015263969251309,0.099121122363330552,0.3631268468,0.1139136373610946,0.11392140468227424,234,117,68,234,17149.89942220067,4538.7409729901465,0,342.99798844405228,80461.362198950024,0
250,5,buy_hold,378999.65635145834,2.7899965635145834,0.072649824947883301,0.50422393017991585,0.17181248810448271,0.4944940373,0.88950686581541394,1,1,0,0,1,49.974512743624636,54362.857297812341,0,0.99949025487256382,0,224636.79905364598
250,10,trend,305111.9156209809,2.051119156209809,0.060475420338886421,0.24485780279537284,0.11179313084296555,0.5818418582,0.74384244882906825,0.75125418060200666,111,55,17,111,18528.695990250028,51132.984382437935,0,185.28695990251009,146402.17944881131,56346.084277773916
250,10,mean_reversion,160523.81409820879,0.60523814098208795,0.025224641726252495,0.22520854024036552,0.099108674472042774,0.3009344858,0.1139136373610946,0.11392140468227424,234,117,67,234,32125.596558974765,4222.300002007295,0,321.25596558976503,60523.814098208692,0
250,10,buy_hold,378810.34583380027,2.7881034583380027,0.072621615797425765,0.50422393017991607,0.1718120963747499,0.4943415433,0.88950686581541394,1,1,0,0,1,99.89910089909381,54335.703023437803,0,0.99899100899100912,0,224474.64281036245
250,20,trend,273116.79730576999,1.7311679730576999,0.054309665764444626,0.24936573310062649,0.11190390588250632,0.5292245154,0.74384244882906825,0.75125418060200666,111,55,16,111,34707.775775002985,47573.391616377092,0,173.53887887501443,120784.01962816874,50216.986709460296
250,20,mean_reversion,127010.80476750364,0.27010804767503638,0.012665207491346475,0.2393264069332911,0.099172564788991099,0.1764268367,0.1139136373610946,0.11392140468227424,234,117,63,234,56554.941305845525,3664.482479504702,0,282.77470652922659,27010.804767503505,0
250,20,buy_hold,378432.29159644118,2.7843229159644118,0.072565241966133787,0.50422393017991607,0.17181154443465532,0.4940363475,0.88950686581541394,1,1,0,0,1,199.59880239520771,54281.475774911443,0,0.99799401197604787,0,224150.81582152972
300,1,trend,342307.05000977439,2.4230705000977437,0.066915905947560583,0.18705900934447073,0.11539048676779518,0.6197491340,0.75722709855205517,0.76776755852842804,105,52,17,105,1835.1842757100021,52475.045675653251,0,183.51842757101718,173501.04554231672,64927.312123235024
300,1,mean_reversion,198179.19519708227,0.9817919519708227,0.03665995993770288,0.21608449951899111,0.099152422426984452,0.4128006120,0.1139136373610946,0.11392140468227424,234,117,69,234,3617.3698607883712,4812.1750960459531,0,361.73698607887854,98179.195197082154,0
300,1,buy_hold,379151.24105552846,2.7915124105552844,0.072672402954828685,0.50422393017991607,0.17181285726325496,0.4946159821,0.88950686581541372,1,1,0,0,1,9.9989001099882895,54384.600266434616,0,0.99989001099890007,0,224766.64078909386
300,5,trend,328256.16524102679,2.2825616524102679,0.064564638381038097,0.18705900934447073,0.11537322667386753,0.6006841228,0.75722709855205528,0.76776755852842804,105,52,17,105,8951.3636580859693,51099.172836162725,0,179.02727316173613,162379.42247215091,62157.261458082183
300,5,mean_reversion,180461.36219895011,0.80461362198950104,0.031562070991544511,0.22015263969251309,0.099121122363330552,0.3631268468,0.1139136373610946,0.11392140468227424,234,117,68,234,17149.89942220067,4538.7409729901465,0,342.99798844405228,80461.362198950024,0
300,5,buy_hold,378999.65635145834,2.7899965635145834,0.072649824947883301,0.50422393017991585,0.17181248810448271,0.4944940373,0.88950686581541394,1,1,0,0,1,49.974512743624636,54362.857297812341,0,0.99949025487256382,0,224636.79905364598
300,10,trend,311500.78992026451,2.1150078992026451,0.061632833042220891,0.18837015994021389,0.1153621753404946,0.5768029053,0.75722709855205506,0.76776755852842804,105,52,17,105,17360.243073247038,49439.254978922203,0,173.60243073247932,149111.11471310689,58860.049600414961
300,10,mean_reversion,160523.81409820879,0.60523814098208795,0.025224641726252495,0.22520854024036552,0.099108674472042774,0.3009344858,0.1139136373610946,0.11392140468227424,234,117,67,234,32125.596558974765,4222.300002007295,0,321.25596558976503,60523.814098208692,0
300,10,buy_hold,378810.34583380027,2.7881034583380027,0.072621615797425765,0.50422393017991607,0.1718120963747499,0.4943415433,0.88950686581541394,1,1,0,0,1,99.89910089909381,54335.703023437803,0,0.99899100899100912,0,224474.64281036245
300,20,trend,280511.99520616874,1.8051199520616872,0.055793392412081477,0.20124213721355755,0.11537509464395411,0.5289016934,0.75722709855205528,0.76776755852842804,105,52,15,105,32670.205181751982,46308.817969941068,0,163.35102590875945,124553.18777728753,52780.316865400964
300,20,mean_reversion,127010.80476750364,0.27010804767503638,0.012665207491346475,0.2393264069332911,0.099172564788991099,0.1764268367,0.1139136373610946,0.11392140468227424,234,117,63,234,56554.941305845525,3664.482479504702,0,282.77470652922659,27010.804767503505,0
300,20,buy_hold,378432.29159644118,2.7843229159644118,0.072565241966133787,0.50422393017991607,0.17181154443465532,0.4940363475,0.88950686581541394,1,1,0,0,1,199.59880239520771,54281.475774911443,0,0.99799401197604787,0,224150.81582152972
